"","uuid","ite1","ite2","ite3","ite4","ite5","ite6"
"1","1",0.0556030446234175,0.0170915007903178,0.00987540416459306,NA,NA,NA
"2","2",0.0660181360983715,0.0217974020779058,0.0219785945160821,NA,NA,NA
"3","3",0.0638606591911547,0.0289127343550913,0.0193360784794105,0.0210372184637088,NA,NA
